{
  "properties": {
    "connectionReferences": {
      "shared_outlook": {
        "runtimeSource": "invoker",
        "connection": {
          "connectionReferenceLogicalName": "new_sharedoutlook_c431c"
        },
        "api": {
          "name": "shared_outlook"
        }
      }
    },
    "definition": {
      "$schema": "https://schema.management.azure.com/providers/Microsoft.Logic/schemas/2016-06-01/workflowdefinition.json#",
      "contentVersion": "1.0.0.0",
      "parameters": {
        "$connections": {
          "defaultValue": {},
          "type": "Object"
        },
        "$authentication": {
          "defaultValue": {},
          "type": "SecureObject"
        }
      },
      "triggers": {
        "manual": {
          "metadata": {
            "operationMetadataId": "5151ac9f-4700-48e4-b48c-39d4584eeff4"
          },
          "type": "Request",
          "kind": "PowerApp",
          "inputs": {
            "schema": {
              "type": "object",
              "properties": {
                "Enviarumemail(V2)_Para": {
                  "type": "string",
                  "format": "email",
                  "description": "Especificar endereços de email separados por ponto e vírgula, como nome@contoso.com",
                  "x-ms-powerflows-param-ispartial": false
                },
                "Enviarumemail(V2)_Corpo": {
                  "type": "string",
                  "format": "html",
                  "description": "Especifique o corpo do email. Este parâmetro é usado como parte de \"9D3577CD-2981-47B0-8F61-47B0612AE46B\"",
                  "x-ms-powerflows-param-ispartial": true
                },
                "Enviarumemail(V2)_Corpo_1": {
                  "type": "string"
                }
              },
              "required": [
                "Enviarumemail(V2)_Para",
                "Enviarumemail(V2)_Corpo",
                "Enviarumemail(V2)_Corpo_1"
              ]
            }
          }
        }
      },
      "actions": {
        "Enviar_um_email_(V2)": {
          "runAfter": {},
          "metadata": {
            "operationMetadataId": "589a471e-4463-4442-beeb-d2d0659486fa"
          },
          "type": "OpenApiConnection",
          "inputs": {
            "host": {
              "connectionName": "shared_outlook",
              "operationId": "SendEmailV2",
              "apiId": "/providers/Microsoft.PowerApps/apis/shared_outlook"
            },
            "parameters": {
              "emailMessage/To": "@triggerBody()['Enviarumemail(V2)_Para']",
              "emailMessage/Subject": "Curso novo habilitado",
              "emailMessage/Body": "<p>Olá @{triggerBody()['Enviarumemail(V2)_Corpo']},<br>\n<br>\nO curso @{triggerBody()['Enviarumemail(V2)_Corpo_1']} foi habilitado para você.<br>\n<br>\nEquipe Treinamento</p>",
              "emailMessage/Importance": "Normal"
            },
            "authentication": {
              "type": "Raw",
              "value": "@json(decodeBase64(triggerOutputs().headers['X-MS-APIM-Tokens']))['$ConnectionKey']"
            }
          }
        }
      }
    },
    "templateName": null
  },
  "schemaVersion": "1.0.0.0"
}